index,site,RSA,protein
0,328,0.6,HIV
1,166,0.4233576642335766,HIV
2,187,1.1419354838709677,HIV
3,31,0.6124031007751938,HIV
4,117,0.5932203389830508,HIV
5,421,0.1271186440677966,HIV
6,490,0.2330508474576271,HIV
7,214,0.39622641509433965,HIV
8,344,0.2627118644067797,HIV
9,321,0.009615384615384616,HIV
10,112,0.04912280701754386,HIV
11,325,0.689119170984456,HIV
12,394,0.4941860465116279,HIV
13,492,0.17040358744394618,HIV
14,383,0.004166666666666667,HIV
15,221,0.11627906976744186,HIV
16,210,0.14166666666666666,HIV
17,182,0.28160919540229884,HIV
18,396,0.5634517766497462,HIV
19,330,0.16517857142857142,HIV
20,347,0.5889830508474576,HIV
21,185,0.8974358974358975,HIV
22,138,0.4873096446700508,HIV
23,99,0.2358974358974359,HIV
24,103,0.07555555555555556,HIV
25,215,0.07614213197969544,HIV
26,445,0.16766467065868262,HIV
27,50,0.0872093023255814,HIV
28,180,0.010362694300518135,HIV
29,110,0.25806451612903225,HIV
30,440,0.47555555555555556,HIV
31,327,0.5328467153284672,HIV
32,165,0.11940298507462686,HIV
33,274,0.06451612903225806,HIV
34,86,0.009950248756218905,HIV
35,223,0.05416666666666667,HIV
36,69,0.08421052631578947,HIV
37,365,0.6709677419354839,HIV
38,433,0.023255813953488372,HIV
39,236,0.32558139534883723,HIV
40,127,0.022988505747126436,HIV
41,340,0.34977578475336324,HIV
42,447,0.15483870967741936,HIV
43,170,0.23555555555555555,HIV
44,140,0.844559585492228,HIV
45,491,0.03553299492385787,HIV
46,74,0.0658682634730539,HIV
47,91,0.1210762331838565,HIV
48,208,0.21839080459770116,HIV
49,438,0.006289308176100629,HIV
50,395,0.20350877192982456,HIV
51,233,0.06666666666666667,HIV
52,77,0.20348837209302326,HIV
53,342,0.01990049751243781,HIV
54,211,0.36771300448430494,HIV
55,316,0.21705426356589147,HIV
56,237,0.11538461538461539,HIV
57,493,0.012578616352201259,HIV
58,115,0.21935483870967742,HIV
59,320,0.01744186046511628,HIV
60,222,0.09615384615384616,HIV
61,485,0.1016949152542373,HIV
62,96,0.11578947368421053,HIV
63,457,0.27461139896373055,HIV
64,126,0.005988023952095809,HIV
65,418,0.07784431137724551,HIV
66,437,0.07547169811320754,HIV
67,361,0.0,HIV
68,120,0.11494252873563218,HIV
69,322,0.06598984771573604,HIV
70,339,0.558974358974359,HIV
71,175,0.03980099502487562,HIV
72,84,0.22842639593908629,HIV
73,423,0.03553299492385787,HIV
74,350,0.0948905109489051,HIV
75,293,0.5022222222222222,HIV
76,275,0.3811659192825112,HIV
77,235,0.0,HIV
78,500,0.3357664233576642,HIV
79,139,0.5174418604651163,HIV
80,486,0.015209125475285171,HIV
81,286,0.028735632183908046,HIV
82,262,0.3128205128205128,HIV
83,337,0.23837209302325582,HIV
84,64,0.6502242152466368,HIV
85,341,0.03488372093023256,HIV
86,480,0.1386861313868613,HIV
87,335,0.4279661016949153,HIV
88,173,0.34980988593155893,HIV
89,162,0.23837209302325582,HIV
90,496,0.011494252873563218,HIV
91,412,0.5803108808290155,HIV
92,346,0.011494252873563218,HIV
93,168,0.5296610169491526,HIV
94,299,0.1320754716981132,HIV
95,416,0.01990049751243781,HIV
96,137,0.8153846153846154,HIV
97,98,0.1641025641025641,HIV
98,228,0.04790419161676647,HIV
99,119,0.029940119760479042,HIV
100,41,0.0,HIV
101,167,0.29533678756476683,HIV
102,397,0.25806451612903225,HIV
103,301,0.3076923076923077,HIV
104,435,0.0076045627376425855,HIV
105,392,0.6102564102564103,HIV
106,324,0.5673076923076923,HIV
107,230,0.3005181347150259,HIV
108,225,0.0,HIV
109,296,0.041916167664670656,HIV
110,181,0.05172413793103448,HIV
111,446,0.3045977011494253,HIV
112,356,0.676923076923077,HIV
113,85,0.34375,HIV
114,385,0.0,HIV
115,252,0.21610169491525424,HIV
116,79,0.7547169811320755,HIV
117,373,0.040697674418604654,HIV
118,44,0.04597701149425287,HIV
119,292,0.005747126436781609,HIV
120,495,0.038461538461538464,HIV
121,460,0.3870967741935484,HIV
122,90,0.47093023255813954,HIV
123,160,0.38974358974358975,HIV
124,390,0.009950248756218905,HIV
125,411,1.0512820512820513,HIV
126,249,0.15625,HIV
127,294,0.015228426395939087,HIV
128,429,0.10948905109489052,HIV
129,315,0.3111111111111111,HIV
130,114,0.4,HIV
131,419,0.354014598540146,HIV
132,67,0.05128205128205128,HIV
133,174,0.0,HIV
134,413,0.36774193548387096,HIV
135,473,0.25,HIV
136,78,0.45595854922279794,HIV
137,377,0.26666666666666666,HIV
138,72,0.53125,HIV
139,338,0.03859649122807018,HIV
140,291,0.42138364779874216,HIV
141,129,0.0,HIV
142,488,0.05172413793103448,HIV
143,191,0.015209125475285171,HIV
144,36,0.0,HIV
145,313,0.08176100628930817,HIV
146,302,0.020512820512820513,HIV
147,234,0.46153846153846156,HIV
148,204,0.023255813953488372,HIV
149,65,0.4745762711864407,HIV
150,452,0.004975124378109453,HIV
151,343,0.21153846153846154,HIV
152,134,0.13218390804597702,HIV
153,308,0.48175182481751827,HIV
154,155,0.025423728813559324,HIV
155,481,0.08387096774193549,HIV
156,502,0.3686440677966102,HIV
157,38,0.011494252873563218,HIV
158,59,0.673728813559322,HIV
159,253,0.08176100628930817,HIV
160,501,0.005988023952095809,HIV
161,351,0.5084745762711864,HIV
162,189,0.4364406779661017,HIV
163,364,0.18064516129032257,HIV
164,93,0.020833333333333332,HIV
165,298,0.010948905109489052,HIV
166,184,0.24873096446700507,HIV
167,268,0.48878923766816146,HIV
168,432,0.3466666666666667,HIV
169,153,0.19730941704035873,HIV
170,232,0.5127118644067796,HIV
171,71,0.06976744186046512,HIV
172,336,0.49612403100775193,HIV
173,183,0.5466666666666666,HIV
174,349,0.024875621890547265,HIV
175,483,0.009950248756218905,HIV
176,487,0.07203389830508475,HIV
177,317,0.004166666666666667,HIV
178,434,0.0,HIV
179,52,0.004975124378109453,HIV
180,387,0.011627906976744186,HIV
181,246,0.3466666666666667,HIV
182,494,0.08955223880597014,HIV
183,312,0.125,HIV
184,150,0.47767857142857145,HIV
185,398,0.9743589743589743,HIV
186,37,0.0,HIV
187,131,0.041916167664670656,HIV
188,251,0.02030456852791878,HIV
189,95,0.03125,HIV
190,60,0.10077519379844961,HIV
191,108,0.07106598984771574,HIV
192,476,0.30656934306569344,HIV
193,303,0.18604651162790697,HIV
194,132,0.436046511627907,HIV
195,42,0.011494252873563218,HIV
196,176,0.004166666666666667,HIV
197,389,0.4519230769230769,HIV
198,363,0.3487179487179487,HIV
199,458,0.36538461538461536,HIV
200,201,0.01015228426395939,HIV
201,80,0.517948717948718,HIV
202,314,0.4230769230769231,HIV
203,105,0.08035714285714286,HIV
204,231,0.3898305084745763,HIV
205,66,0.7767857142857143,HIV
206,83,0.31390134529147984,HIV
207,178,0.2664233576642336,HIV
208,499,0.08139534883720931,HIV
209,94,0.27692307692307694,HIV
210,244,0.03488372093023256,HIV
211,88,0.6666666666666666,HIV
212,333,0.011494252873563218,HIV
213,504,0.6204379562043796,HIV
214,195,0.02564102564102564,HIV
215,265,0.29850746268656714,HIV
216,391,0.008333333333333333,HIV
217,229,0.2838983050847458,HIV
218,97,0.635593220338983,HIV
219,220,0.03773584905660377,HIV
220,81,0.6289308176100629,HIV
221,47,0.5181347150259067,HIV
222,468,0.008333333333333333,HIV
223,295,0.3128205128205128,HIV
224,133,0.4153846153846154,HIV
225,260,0.04975124378109453,HIV
226,154,0.07960199004975124,HIV
227,107,0.04145077720207254,HIV
228,497,0.0,HIV
229,224,0.015503875968992248,HIV
230,454,0.024875621890547265,HIV
231,372,0.23255813953488372,HIV
232,70,0.08527131782945736,HIV
233,54,0.011976047904191617,HIV
234,58,0.43410852713178294,HIV
235,358,0.2233502538071066,HIV
236,309,0.08121827411167512,HIV
237,459,0.5865384615384616,HIV
238,448,0.3230769230769231,HIV
239,141,0.8082901554404145,HIV
240,380,0.14423076923076922,HIV
241,45,0.07017543859649122,HIV
242,158,0.2064516129032258,HIV
243,179,0.1691542288557214,HIV
244,136,0.4461538461538462,HIV
245,284,0.04060913705583756,HIV
246,384,0.11026615969581749,HIV
247,248,0.029069767441860465,HIV
248,40,0.011406844106463879,HIV
249,288,0.016666666666666666,HIV
250,190,0.17937219730941703,HIV
251,482,0.06278026905829596,HIV
252,100,0.0,HIV
253,503,0.12773722627737227,HIV
254,425,0.29743589743589743,HIV
255,269,0.2556053811659193,HIV
256,386,0.4153846153846154,HIV
257,241,0.21935483870967742,HIV
258,198,0.4011627906976744,HIV
259,33,0.4666666666666667,HIV
260,307,0.04060913705583756,HIV
261,264,0.3548387096774194,HIV
262,239,0.0,HIV
263,102,0.30493273542600896,HIV
264,414,0.15228426395939088,HIV
265,53,0.11666666666666667,HIV
266,318,0.12927756653992395,HIV
267,289,0.23076923076923078,HIV
268,250,0.16346153846153846,HIV
269,203,0.017777777777777778,HIV
270,257,0.040697674418604654,HIV
271,415,0.6046511627906976,HIV
272,305,0.2627118644067797,HIV
273,124,0.13836477987421383,HIV
274,463,0.2903225806451613,HIV
275,428,0.6222222222222222,HIV
276,319,0.0,HIV
277,157,0.0,HIV
278,156,0.26153846153846155,HIV
279,362,0.023255813953488372,HIV
280,332,0.23076923076923078,HIV
281,474,0.23834196891191708,HIV
282,32,0.7174887892376681,HIV
283,266,0.05426356589147287,HIV
284,283,0.2,HIV
285,226,0.01990049751243781,HIV
286,121,0.3813559322033898,HIV
287,247,0.19161676646706588,HIV
288,82,0.6355555555555555,HIV
289,35,0.19649122807017544,HIV
290,130,0.39555555555555555,HIV
291,381,0.004484304932735426,HIV
292,498,0.05660377358490566,HIV
293,122,0.024875621890547265,HIV
294,451,0.0,HIV
295,46,0.4491525423728814,HIV
296,285,0.04975124378109453,HIV
297,196,0.0,HIV
298,87,0.5426008968609866,HIV
299,462,0.7794871794871795,HIV
300,456,0.06934306569343066,HIV
301,43,0.0,HIV
302,159,0.020833333333333332,HIV
303,281,0.5271317829457365,HIV
304,360,0.3284671532846715,HIV
305,245,0.10919540229885058,HIV
306,172,0.15517241379310345,HIV
307,63,0.2441860465116279,HIV
308,420,0.030456852791878174,HIV
309,276,0.3384615384615385,HIV
310,106,0.38372093023255816,HIV
311,76,0.5786163522012578,HIV
312,449,0.0,HIV
313,240,0.46540880503144655,HIV
314,453,0.005076142131979695,HIV
315,128,0.16279069767441862,HIV
316,353,0.20416666666666666,HIV
317,374,0.004464285714285714,HIV
318,125,0.0,HIV
319,278,0.6511627906976745,HIV
320,242,0.022988505747126436,HIV
321,475,0.0625,HIV
322,227,0.1271186440677966,HIV
323,379,0.5480769230769231,HIV
324,61,0.6273764258555133,HIV
325,217,0.026615969581749048,HIV
326,152,0.2980769230769231,HIV
327,200,0.15503875968992248,HIV
328,163,0.1686046511627907,HIV
329,238,0.4716981132075472,HIV
330,477,0.07772020725388601,HIV
331,56,0.03870967741935484,HIV
332,304,0.2591240875912409,HIV
333,329,0.07751937984496124,HIV
334,455,0.20348837209302326,HIV
335,441,0.14423076923076922,HIV
336,355,0.6256410256410256,HIV
337,359,0.01015228426395939,HIV
338,261,0.0845771144278607,HIV
339,193,0.004975124378109453,HIV
340,197,0.26153846153846155,HIV
341,306,0.5096774193548387,HIV
342,49,0.6547085201793722,HIV
343,436,0.0,HIV
344,280,0.3384615384615385,HIV
345,255,0.27011494252873564,HIV
346,118,0.6289308176100629,HIV
347,366,0.6057692307692307,HIV
348,270,0.04597701149425287,HIV
349,202,0.06395348837209303,HIV
350,219,0.0,HIV
351,388,0.25161290322580643,HIV
352,273,0.05474452554744526,HIV
353,73,0.3488372093023256,HIV
354,205,0.2215568862275449,HIV
355,123,0.43023255813953487,HIV
356,479,0.010526315789473684,HIV
357,470,0.031446540880503145,HIV
358,444,0.6459854014598541,HIV
359,271,0.08035714285714286,HIV
360,109,0.2436548223350254,HIV
361,357,0.05813953488372093,HIV
362,243,0.01935483870967742,HIV
363,348,0.06666666666666667,HIV
364,426,0.11607142857142858,HIV
365,48,0.1937984496124031,HIV
366,282,0.3305084745762712,HIV
367,352,0.40625,HIV
368,199,0.0,HIV
369,254,0.16666666666666666,HIV
370,34,0.1890547263681592,HIV
371,464,0.45348837209302323,HIV
372,489,0.0,HIV
373,450,0.005813953488372093,HIV
374,135,0.7267441860465116,HIV
375,171,0.6483050847457628,HIV
376,371,0.1896551724137931,HIV
377,212,0.3018867924528302,HIV
378,39,0.026615969581749048,HIV
379,478,0.02564102564102564,HIV
380,461,0.6395348837209303,HIV
381,116,0.08955223880597014,HIV
382,472,0.10576923076923077,HIV
383,382,0.075,HIV
384,376,0.06666666666666667,HIV
385,467,0.0872093023255814,HIV
386,188,0.4358974358974359,HIV
387,263,0.1346153846153846,HIV
388,101,0.028735632183908046,HIV
389,92,0.5919282511210763,HIV
390,465,0.4476744186046512,HIV
391,192,0.072992700729927,HIV
392,431,0.33653846153846156,HIV
393,469,0.17518248175182483,HIV
394,369,0.27860696517412936,HIV
395,326,0.22842639593908629,HIV
396,442,0.4827586206896552,HIV
397,367,0.5384615384615384,HIV
398,194,0.28426395939086296,HIV
399,427,0.11578947368421053,HIV
400,378,0.017964071856287425,HIV
401,331,0.0,HIV
402,169,0.5169491525423728,HIV
403,151,0.4927007299270073,HIV
404,216,0.20089285714285715,HIV
405,51,0.20930232558139536,HIV
406,256,0.03225806451612903,HIV
407,272,0.08121827411167512,HIV
408,345,0.005747126436781609,HIV
409,424,0.01015228426395939,HIV
410,393,0.2064516129032258,HIV
411,62,0.5381165919282511,HIV
412,354,0.3269230769230769,HIV
413,290,0.18604651162790697,HIV
414,484,0.10646387832699619,HIV
415,161,0.017857142857142856,HIV
416,375,0.09032258064516129,HIV
417,209,0.15483870967741936,HIV
418,213,0.06091370558375635,HIV
419,258,0.0,HIV
420,177,0.08745247148288973,HIV
421,279,0.27692307692307694,HIV
422,113,0.39896373056994816,HIV
423,207,0.4745762711864407,HIV
424,417,0.32075471698113206,HIV
425,55,0.007751937984496124,HIV
426,57,0.5129533678756477,HIV
427,111,0.06467661691542288,HIV
428,218,0.029940119760479042,HIV
429,75,0.26436781609195403,HIV
430,422,0.0,HIV
431,443,0.09644670050761421,HIV
432,287,0.04,HIV
433,300,0.06153846153846154,HIV
434,277,0.2893401015228426,HIV
435,368,0.6424870466321243,HIV
436,89,0.040229885057471264,HIV
437,206,0.20754716981132076,HIV
438,267,0.5829596412556054,HIV
439,505,0.9195402298850575,HIV
440,466,0.18385650224215247,HIV
441,297,0.1569767441860465,HIV
442,104,0.017857142857142856,HIV
443,370,0.2825112107623318,HIV
444,323,0.467005076142132,HIV
445,439,0.15736040609137056,HIV
446,164,0.16143497757847533,HIV
447,430,0.7157360406091371,HIV
448,68,0.040229885057471264,HIV
449,471,0.07692307692307693,HIV
450,334,0.2709677419354839,HIV
451,259,0.0,HIV
452,522,0.09583333333333334,HIV
453,600,0.27884615384615385,HIV
454,573,0.4467005076142132,HIV
455,608,0.06321839080459771,HIV
456,538,0.06395348837209303,HIV
457,581,0.18407960199004975,HIV
458,578,0.031007751937984496,HIV
459,525,0.015503875968992248,HIV
460,597,0.21153846153846154,HIV
461,544,0.04477611940298507,HIV
462,571,0.028070175438596492,HIV
463,535,0.47767857142857145,HIV
464,533,0.007751937984496124,HIV
465,530,0.0,HIV
466,518,1.0172413793103448,HIV
467,519,0.6833333333333333,HIV
468,580,0.034482758620689655,HIV
469,614,0.06315789473684211,HIV
470,572,0.28846153846153844,HIV
471,569,0.8023255813953488,HIV
472,575,0.24,HIV
473,615,0.10967741935483871,HIV
474,532,0.3178294573643411,HIV
475,613,0.5290322580645161,HIV
476,610,0.10526315789473684,HIV
477,616,0.558974358974359,HIV
478,612,0.4645161290322581,HIV
479,605,0.0718562874251497,HIV
480,570,0.20114942528735633,HIV
481,577,0.30666666666666664,HIV
482,547,0.4807692307692308,HIV
483,520,0.5174129353233831,HIV
484,592,0.0845771144278607,HIV
485,579,0.2116788321167883,HIV
486,543,0.30256410256410254,HIV
487,536,0.1569767441860465,HIV
488,601,0.059322033898305086,HIV
489,591,0.07111111111111111,HIV
490,539,0.1724137931034483,HIV
491,586,0.08745247148288973,HIV
492,606,0.029069767441860465,HIV
493,593,0.01990049751243781,HIV
494,598,0.029940119760479042,HIV
495,588,0.1897810218978102,HIV
496,602,0.03980099502487562,HIV
497,589,0.046632124352331605,HIV
498,545,0.13432835820895522,HIV
499,599,0.3096774193548387,HIV
500,587,0.04975124378109453,HIV
501,546,0.6516129032258065,HIV
502,594,0.0673076923076923,HIV
503,576,0.0945273631840796,HIV
504,582,0.07751937984496124,HIV
505,574,0.1228813559322034,HIV
506,595,0.05583756345177665,HIV
507,604,0.08383233532934131,HIV
508,531,0.1346153846153846,HIV
509,541,0.046511627906976744,HIV
510,585,0.16423357664233576,HIV
511,596,0.007017543859649123,HIV
512,523,0.004975124378109453,HIV
513,609,0.4779874213836478,HIV
514,528,0.22580645161290322,HIV
515,534,0.05806451612903226,HIV
516,521,0.18269230769230768,HIV
517,590,0.18222222222222223,HIV
518,537,0.0,HIV
519,603,0.06598984771573604,HIV
520,527,0.09615384615384616,HIV
521,607,0.19487179487179487,HIV
522,583,0.06896551724137931,HIV
523,524,0.04807692307692308,HIV
524,526,0.007751937984496124,HIV
525,540,0.013333333333333334,HIV
526,542,0.29927007299270075,HIV
527,529,0.29651162790697677,HIV
528,611,0.4717948717948718,HIV
529,584,0.2556053811659193,HIV
530,18,0.170984455959,Flu
531,19,0.16860465116300002,Flu
532,20,0.0,Flu
533,21,0.0778443113772,Flu
534,22,0.0050761421319799995,Flu
535,23,0.0,Flu
536,24,0.0,Flu
537,25,0.08035714285710001,Flu
538,26,0.0077519379845,Flu
539,27,0.14358974359,Flu
540,28,0.769230769231,Flu
541,29,0.116129032258,Flu
542,30,0.668604651163,Flu
543,31,0.28497409326400003,Flu
544,32,0.220930232558,Flu
545,33,0.0,Flu
546,34,0.269430051813,Flu
547,35,0.00581395348837,Flu
548,36,0.051724137931,Flu
549,37,0.154228855721,Flu
550,38,0.38116591928300003,Flu
551,39,0.364406779661,Flu
552,40,0.54358974359,Flu
553,41,0.0114942528736,Flu
554,42,0.33720930232600005,Flu
555,43,0.0,Flu
556,44,0.023255813953499998,Flu
557,45,0.33928571428599996,Flu
558,46,0.12903225806500002,Flu
559,47,0.293103448276,Flu
560,48,0.261538461538,Flu
561,49,0.014925373134299999,Flu
562,50,0.00995024875622,Flu
563,51,0.125560538117,Flu
564,52,0.476683937824,Flu
565,53,0.45806451612899995,Flu
566,54,0.334821428571,Flu
567,55,0.307692307692,Flu
568,56,0.346153846154,Flu
569,57,0.334745762712,Flu
570,58,0.00497512437811,Flu
571,59,0.0,Flu
572,60,0.310218978102,Flu
573,61,0.109452736318,Flu
574,62,0.533898305085,Flu
575,63,0.346153846154,Flu
576,64,0.39086294416199996,Flu
577,65,0.255813953488,Flu
578,66,0.0754716981132,Flu
579,67,0.014925373134299999,Flu
580,68,0.37777777777800003,Flu
581,69,0.0,Flu
582,70,0.182692307692,Flu
583,71,0.36016949152500005,Flu
584,72,0.0,Flu
585,73,0.13846153846200002,Flu
586,74,0.0,Flu
587,75,0.046511627906999996,Flu
588,76,0.0,Flu
589,77,0.0421052631579,Flu
590,78,0.0,Flu
591,79,0.0,Flu
592,80,0.0192307692308,Flu
593,81,0.025641025641,Flu
594,82,0.0062893081761,Flu
595,83,0.403587443946,Flu
596,84,0.0179640718563,Flu
597,85,0.20725388601,Flu
598,86,0.566037735849,Flu
599,87,0.044776119403,Flu
600,88,0.26368159204,Flu
601,89,0.603773584906,Flu
602,90,0.270114942529,Flu
603,91,0.467153284672,Flu
604,92,0.483870967742,Flu
605,93,0.024561403508799998,Flu
606,94,0.103225806452,Flu
607,95,0.0,Flu
608,96,0.0,Flu
609,97,0.0172413793103,Flu
610,98,0.0538116591928,Flu
611,99,0.21511627906999997,Flu
612,100,0.49685534591200003,Flu
613,101,0.610256410256,Flu
614,102,0.0709677419355,Flu
615,103,0.668161434978,Flu
616,104,0.158974358974,Flu
617,105,0.0384615384615,Flu
618,106,0.25380710659899997,Flu
619,107,0.0119760479042,Flu
620,108,0.019011406844099996,Flu
621,109,0.0377358490566,Flu
622,110,0.259615384615,Flu
623,111,0.5077720207249999,Flu
624,112,0.0791666666667,Flu
625,113,0.137055837563,Flu
626,114,0.316062176166,Flu
627,115,0.106463878327,Flu
628,116,0.112107623318,Flu
629,117,0.008968609865469998,Flu
630,118,0.0,Flu
631,119,0.0620437956204,Flu
632,120,0.0941704035874,Flu
633,121,0.08,Flu
634,122,0.00497512437811,Flu
635,123,0.116129032258,Flu
636,124,0.264516129032,Flu
637,125,0.0,Flu
638,126,0.277419354839,Flu
639,127,0.135483870968,Flu
640,128,0.0166666666667,Flu
641,129,0.22869955156999996,Flu
642,130,0.248175182482,Flu
643,131,0.0875,Flu
644,132,0.37668161435,Flu
645,133,0.0456852791878,Flu
646,134,0.0166666666667,Flu
647,135,0.276729559748,Flu
648,136,0.343220338983,Flu
649,137,0.739910313901,Flu
650,138,0.606451612903,Flu
651,139,0.09032258064519999,Flu
652,140,0.038596491228099994,Flu
653,141,0.490566037736,Flu
654,142,0.507692307692,Flu
655,143,0.058035714285699994,Flu
656,144,0.24615384615400002,Flu
657,145,0.13953488372099998,Flu
658,146,0.564102564103,Flu
659,147,0.144230769231,Flu
660,148,0.402298850575,Flu
661,149,0.052325581395300004,Flu
662,150,0.42635658914700003,Flu
663,151,0.031007751938,Flu
664,152,0.0119760479042,Flu
665,153,0.322580645161,Flu
666,154,0.23214285714299998,Flu
667,155,0.793721973094,Flu
668,156,0.798076923077,Flu
669,157,0.6822033898309999,Flu
670,158,0.38064516129000003,Flu
671,159,0.135483870968,Flu
672,160,0.05833333333330001,Flu
673,161,0.0152091254753,Flu
674,162,0.20802919708,Flu
675,163,0.0102564102564,Flu
676,164,0.00995024875622,Flu
677,165,0.029850746268700004,Flu
678,166,0.0631578947368,Flu
679,167,0.0,Flu
680,168,0.09302325581399999,Flu
681,169,0.21076233183899998,Flu
682,170,0.292372881356,Flu
683,171,0.7668161434980001,Flu
684,172,0.5,Flu
685,173,0.309677419355,Flu
686,174,0.007604562737640001,Flu
687,175,0.270440251572,Flu
688,176,0.5677966101690001,Flu
689,177,0.0497512437811,Flu
690,178,0.377118644068,Flu
691,179,0.220512820513,Flu
692,180,0.296774193548,Flu
693,181,0.12927756654,Flu
694,182,0.344827586207,Flu
695,183,0.00512820512821,Flu
696,184,0.75,Flu
697,185,0.309322033898,Flu
698,186,0.576923076923,Flu
699,187,0.33898305084700003,Flu
700,188,0.255605381166,Flu
701,189,0.0,Flu
702,190,0.00497512437811,Flu
703,191,0.0,Flu
704,192,0.00995024875622,Flu
705,193,0.0,Flu
706,194,0.0,Flu
707,195,0.0050761421319799995,Flu
708,196,0.0,Flu
709,197,0.0223214285714,Flu
710,198,0.0,Flu
711,199,0.125786163522,Flu
712,200,0.364102564103,Flu
713,201,0.43870967741899997,Flu
714,202,0.673728813559,Flu
715,203,0.26457399103100004,Flu
716,204,0.004444444444439999,Flu
717,205,0.5155555555560001,Flu
718,206,0.553846153846,Flu
719,207,0.23383084577100002,Flu
720,208,0.0,Flu
721,209,0.342222222222,Flu
722,210,0.261538461538,Flu
723,211,0.542600896861,Flu
724,212,0.733333333333,Flu
725,213,0.0387596899225,Flu
726,214,0.0798479087452,Flu
727,215,0.005747126436779999,Flu
728,216,0.0387096774194,Flu
729,217,0.0,Flu
730,218,0.005747126436779999,Flu
731,219,0.0,Flu
732,220,0.277419354839,Flu
733,221,0.39487179487199997,Flu
734,222,0.11787072243300001,Flu
735,223,0.23076923076900002,Flu
736,224,0.36131386861299997,Flu
737,225,0.313868613139,Flu
738,226,0.0333333333333,Flu
739,227,0.441860465116,Flu
740,228,0.119496855346,Flu
741,229,0.26457399103100004,Flu
742,230,0.228426395939,Flu
743,231,0.0387596899225,Flu
744,232,0.457399103139,Flu
745,233,0.025547445255499998,Flu
746,234,0.11320754717,Flu
747,235,0.60593220339,Flu
748,236,0.218390804598,Flu
749,237,0.507299270073,Flu
750,238,0.585492227979,Flu
751,239,0.24,Flu
752,240,0.162790697674,Flu
753,241,0.0192307692308,Flu
754,242,0.021897810219,Flu
755,243,0.0,Flu
756,244,0.102564102564,Flu
757,245,0.0,Flu
758,246,0.06844106463880001,Flu
759,247,0.06666666666669999,Flu
760,248,0.058139534883699995,Flu
761,249,0.164179104478,Flu
762,250,0.0,Flu
763,251,0.22033898305100003,Flu
764,252,0.45911949685500003,Flu
765,253,0.538461538462,Flu
766,254,0.0777202072539,Flu
767,255,0.18604651162799998,Flu
768,256,0.0,Flu
769,257,0.08629441624369999,Flu
770,258,0.0,Flu
771,259,0.0896860986547,Flu
772,260,0.0,Flu
773,261,0.08205128205130001,Flu
774,262,0.0,Flu
775,263,0.0,Flu
776,264,0.0,Flu
777,265,0.0,Flu
778,266,0.0,Flu
779,267,0.0,Flu
780,268,0.09375,Flu
781,269,0.212927756654,Flu
782,270,0.0,Flu
783,271,0.0125,Flu
784,272,0.0,Flu
785,273,0.0199004975124,Flu
786,274,0.164233576642,Flu
787,275,0.295620437956,Flu
788,276,0.163461538462,Flu
789,277,0.879166666667,Flu
790,278,0.375,Flu
791,279,0.116129032258,Flu
792,280,0.00961538461538,Flu
793,281,0.0913705583756,Flu
794,282,0.0253807106599,Flu
795,283,0.47093023255800004,Flu
796,284,0.0322580645161,Flu
797,285,0.707692307692,Flu
798,286,0.15503875969,Flu
799,287,0.49032258064499995,Flu
800,288,0.183035714286,Flu
801,289,0.419642857143,Flu
802,290,0.6816143497759999,Flu
803,291,0.161676646707,Flu
804,292,0.523076923077,Flu
805,293,0.0755813953488,Flu
806,294,0.512711864407,Flu
807,295,0.0239520958084,Flu
808,296,0.0,Flu
809,297,0.0,Flu
810,298,0.062893081761,Flu
811,299,0.398009950249,Flu
812,300,0.0,Flu
813,301,0.031007751938,Flu
814,302,0.0253807106599,Flu
815,303,0.8,Flu
816,304,0.251612903226,Flu
817,305,0.7354838709679999,Flu
818,306,0.223880597015,Flu
819,307,0.0377358490566,Flu
820,308,0.0,Flu
821,309,0.0,Flu
822,310,0.225641025641,Flu
823,311,0.09644670050760001,Flu
824,312,0.20089285714299998,Flu
825,313,0.39622641509400003,Flu
826,314,0.155172413793,Flu
827,315,0.0,Flu
828,316,0.0,Flu
829,317,0.144230769231,Flu
830,318,0.313901345291,Flu
831,319,0.0179640718563,Flu
832,320,0.0503144654088,Flu
833,321,0.16949152542399998,Flu
834,322,0.17490494296599998,Flu
835,323,0.0,Flu
836,324,0.38321167883199997,Flu
837,325,0.0129032258065,Flu
838,326,0.713178294574,Flu
839,327,0.35593220339000003,Flu
840,328,0.0248756218905,Flu
841,329,0.22992700729899998,Flu
842,330,0.0,Flu
843,331,0.0,Flu
844,332,0.127906976744,Flu
845,333,0.0,Flu
846,334,0.0,Flu
847,335,0.20802919708,Flu
848,336,0.0769230769231,Flu
849,337,0.208121827411,Flu
850,338,0.352201257862,Flu
851,342,0.519379844961,Flu
852,343,0.9854014598540001,Flu
853,344,0.625,Flu
854,345,0.0845771144279,Flu
855,346,0.0625,Flu
856,347,0.105769230769,Flu
857,348,0.0,Flu
858,349,0.0456852791878,Flu
859,350,0.387596899225,Flu
860,351,0.278846153846,Flu
861,352,0.204166666667,Flu
862,353,0.0558375634518,Flu
863,354,0.7533632287,Flu
864,355,0.134615384615,Flu
865,356,0.05769230769230001,Flu
866,357,0.154385964912,Flu
867,358,0.47093023255800004,Flu
868,359,0.35576923076899997,Flu
869,360,0.0,Flu
870,361,0.6497461928930001,Flu
871,362,0.554404145078,Flu
872,363,0.115384615385,Flu
873,364,0.0982456140351,Flu
874,365,0.0,Flu
875,366,0.0,Flu
876,367,0.0266159695817,Flu
877,368,0.13839285714299998,Flu
878,369,0.058035714285699994,Flu
879,370,0.506666666667,Flu
880,371,0.046153846153800006,Flu
881,372,0.538116591928,Flu
882,373,0.511111111111,Flu
883,374,0.298076923077,Flu
884,375,0.47741935483900005,Flu
885,376,0.22115384615400002,Flu
886,377,0.36882129277599995,Flu
887,378,0.17829457364300003,Flu
888,379,0.124031007752,Flu
889,380,0.0932642487047,Flu
890,381,0.5511111111110001,Flu
891,382,0.669491525424,Flu
892,383,0.12258064516100001,Flu
893,384,0.03488372093019999,Flu
894,385,0.40444444444399996,Flu
895,386,0.49743589743600003,Flu
896,387,0.0,Flu
897,388,0.279187817259,Flu
898,389,0.46153846153800004,Flu
899,390,0.06730769230769999,Flu
900,391,0.0152284263959,Flu
901,392,0.395348837209,Flu
902,393,0.12307692307700001,Flu
903,394,0.021186440677999997,Flu
904,395,0.0862068965517,Flu
905,396,0.430769230769,Flu
906,397,0.051612903225800005,Flu
907,398,0.0287356321839,Flu
908,399,0.269035532995,Flu
909,400,0.448430493274,Flu
910,401,0.13135593220300001,Flu
911,402,0.03125,Flu
912,403,0.487179487179,Flu
913,404,0.406091370558,Flu
914,405,0.0977777777778,Flu
915,406,0.520833333333,Flu
916,407,0.24418604651200002,Flu
917,408,0.31007751938,Flu
918,409,0.218390804598,Flu
919,410,0.43269230769199996,Flu
920,411,0.199152542373,Flu
921,412,0.354260089686,Flu
922,413,0.1,Flu
923,414,0.29230769230799997,Flu
924,415,0.478813559322,Flu
925,416,0.31840796019900003,Flu
926,417,0.17040358744399997,Flu
927,418,0.262711864407,Flu
928,419,0.0510948905109,Flu
929,420,0.107142857143,Flu
930,421,0.30493273542599997,Flu
931,422,0.261538461538,Flu
932,423,0.00995024875622,Flu
933,424,0.061538461538500004,Flu
934,425,0.405128205128,Flu
935,426,0.233050847458,Flu
936,427,0.005747126436779999,Flu
937,428,0.300518134715,Flu
938,429,0.336787564767,Flu
939,430,0.0769230769231,Flu
940,431,0.08333333333330001,Flu
941,432,0.129353233831,Flu
942,433,0.19170984456,Flu
943,434,0.0,Flu
944,435,0.035087719298199996,Flu
945,436,0.0755813953488,Flu
946,437,0.057034220532300006,Flu
947,438,0.06666666666669999,Flu
948,439,0.0,Flu
949,440,0.17040358744399997,Flu
950,441,0.0845771144279,Flu
951,442,0.0646766169154,Flu
952,443,0.0344827586207,Flu
953,444,0.07960199004980001,Flu
954,445,0.199004975124,Flu
955,446,0.0538116591928,Flu
956,447,0.00512820512821,Flu
957,448,0.049327354260099994,Flu
958,449,0.13138686131400001,Flu
959,450,0.0,Flu
960,451,0.0497512437811,Flu
961,452,0.056994818652800004,Flu
962,453,0.08333333333330001,Flu
963,454,0.0,Flu
964,455,0.0103626943005,Flu
965,456,0.006451612903229999,Flu
966,457,0.102564102564,Flu
967,458,0.005747126436779999,Flu
968,459,0.21186440678,Flu
969,460,0.215384615385,Flu
970,461,0.034825870646800004,Flu
971,462,0.0266159695817,Flu
972,463,0.30493273542599997,Flu
973,464,0.470338983051,Flu
974,465,0.0114942528736,Flu
975,466,0.313559322034,Flu
976,467,0.4,Flu
977,468,0.151111111111,Flu
978,469,0.00995024875622,Flu
979,470,0.415254237288,Flu
980,471,0.579487179487,Flu
981,472,0.13846153846200002,Flu
982,473,0.077519379845,Flu
983,474,0.406779661017,Flu
984,475,0.251121076233,Flu
985,476,0.294416243655,Flu
986,477,0.548076923077,Flu
987,478,0.25641025641,Flu
988,479,0.00961538461538,Flu
989,480,0.179640718563,Flu
990,481,0.0166666666667,Flu
991,482,0.345291479821,Flu
992,483,0.0125,Flu
993,484,0.520912547529,Flu
994,485,0.330357142857,Flu
995,486,0.5169491525419999,Flu
996,487,0.0239520958084,Flu
997,488,0.34196891191699996,Flu
998,489,0.24615384615400002,Flu
999,490,0.578475336323,Flu
1000,491,0.149700598802,Flu
1001,492,0.0,Flu
1002,493,0.354260089686,Flu
1003,494,0.12903225806500002,Flu
1004,495,0.005747126436779999,Flu
1005,496,0.13503649635,Flu
1006,497,0.41538461538500004,Flu
1007,498,0.298076923077,Flu
1008,499,0.43023255813999994,Flu
1009,500,0.0798479087452,Flu
1010,501,0.611398963731,Flu
1011,502,0.657794676806,Flu
1012,503,0.572327044025,Flu
